comfort_error_mean,comfort_violation_rate,conflict_penalty_mean,context_counts_json,dominant_climate_context_id,energy_kwh_normalized,first_timestamp,last_timestamp,learning_elapsed_sec,mpc_cost_mean,oscillation_penalty_mean,period,prediction_error_mean,reward_mean,rl_q_delta_mean,rl_td_error_mean,steps,switching_penalty_mean,uncertainty_radius_mean
0.004390165011179905,0.0,0.0046721813725490195,"{""C02"": 2880, ""C10"": 1728, ""C08"": 288}",C02,1303.4002974999958,2016-07-15 00:00:00,2016-07-31 23:55:00,8627.67926645279,4002919990598508.0,0.02274816176470588,2016-07,0.0,0.9429962316897688,0.0028253102758996618,0.03531637844874586,4896,0.044773794934640496,0.08249952241708276
0.0042777504833993625,0.0,0.004676299283154122,"{""C10"": 8928}",C10,2384.272701666474,2016-08-01 00:00:00,2016-08-31 23:55:00,23535.70801758766,4.759889736191147e+34,0.0237315188172043,2016-08,0.0,0.9431800694197496,0.000604390483406015,0.007554881042575173,8928,0.04476226478494629,0.05000000000000753
0.004152355994152059,0.0,0.005172164351851852,"{""C10"": 4608, ""C02"": 2880, ""C05"": 1152}",C10,3365.525628749706,2016-09-01 00:00:00,2016-09-30 23:55:00,38586.01685714722,4.079809798048114e+76,0.027141203703703702,2016-09,0.0,0.9232465022270974,0.0015833849321264199,0.019792311651580286,8640,0.05572916666666673,0.0500000000000074
0.003502027064468972,0.0,0.005026321684587814,"{""C07"": 576, ""C05"": 6336, ""C06"": 576, ""C00"": 864, ""C11"": 288, ""C08"": 288}",C05,6898.753212916838,2016-10-01 00:00:00,2016-10-31 23:55:00,54037.046708106995,inf,0.030132728494623652,2016-10,0.0,0.8645594472877896,0.0026337081838080515,0.0329213522976007,8928,0.06360495071684594,0.05000000000000753
0.0021238417397660813,0.0,0.06811342592592592,"{""C02"": 288, ""C05"": 2016, ""C07"": 1728, ""C00"": 2592, ""C11"": 864, ""C06"": 1152}",C00,13785.44277416701,2016-11-01 00:00:00,2016-11-30 23:55:00,69146.42362689972,inf,0.03723234953703704,2016-11,0.0,0.7713196054340192,0.0026365900447968965,0.03295737555996125,8640,0.13175607638888884,0.0500000000000074
0.0012441430272590068,0.0,0.06351506496415771,"{""C03"": 1728, ""C00"": 3168, ""C04"": 1152, ""C11"": 1440, ""C07"": 1440}",C00,9810.492520834143,2016-12-01 00:00:00,2016-12-31 23:55:00,85492.28835701942,inf,0.04000056003584229,2016-12,0.0,0.7503240129230349,0.0023244359327795686,0.029055449159744704,8928,0.1491067428315411,0.05000000000000753
0.000989002045604604,0.0,0.09104082661290322,"{""C11"": 1728, ""C00"": 5184, ""C07"": 288, ""C03"": 864, ""C09"": 864}",C00,9734.013764167523,2017-01-01 00:00:00,2017-01-31 23:55:00,102042.94266033173,inf,0.04287074372759857,2017-01,0.0,0.7345522951154903,0.0015416851906174154,0.01927106488271779,8928,0.19059951836917555,0.05000000000000753
0.0007448021747076019,0.0,0.16048177083333334,"{""C11"": 1440, ""C03"": 1152, ""C04"": 2592, ""C00"": 2880}",C00,12751.481421667659,2017-02-01 00:00:00,2017-02-28 23:55:00,116375.69441819191,inf,0.06063213045634921,2017-02,0.0,0.6650127630407753,0.0019575355302487675,0.024469194128109467,8064,0.29180276537698385,0.050000000000007115
0.0020649768911526114,0.0,0.007777497759856631,"{""C00"": 3168, ""C11"": 3744, ""C07"": 576, ""C03"": 1440}",C11,9892.18652875088,2017-03-01 00:00:00,2017-03-31 23:55:00,132182.8681385517,inf,0.026440692204301074,2017-03,0.0,0.8034258149615372,0.0007643089074839547,0.009553861343549396,8928,0.05316392249103947,0.05000000000000753
0.003302366959064326,0.0,0.004014756944444444,"{""C08"": 864, ""C11"": 864, ""C03"": 576, ""C07"": 1440, ""C00"": 288, ""C05"": 1728, ""C06"": 2592, ""C02"": 288}",C06,6875.070923333583,2017-04-01 00:00:00,2017-04-30 23:55:00,147084.00996804237,inf,0.023936631944444446,2017-04,0.0,0.8551499964909701,0.0012369042699368119,0.015461303374210098,8640,0.0522737268518519,0.0500000000000074
0.004053216374268998,0.0,0.005460349462365592,"{""C06"": 2304, ""C03"": 288, ""C05"": 2880, ""C10"": 2304, ""C02"": 1152}",C05,4043.9090354162445,2017-05-01 00:00:00,2017-05-31 23:55:00,162201.60001969337,inf,0.0282538082437276,2017-05,0.0,0.9145141720522704,0.0008204704690995192,0.010255880863744023,8928,0.059508848566308316,0.05000000000000753
0.004285159173976608,0.0,0.004361979166666667,"{""C02"": 4608, ""C05"": 288, ""C10"": 3744}",C02,2538.3250595831487,2017-06-01 00:00:00,2017-06-30 23:55:00,177824.05119609833,2.790387256537086e+168,0.02405960648148148,2017-06,0.0,0.9382425356297039,0.0003113191233387904,0.0038914890417348818,8640,0.047771990740740795,0.0500000000000074
0.004311958769571771,0.0,0.005264336917562724,"{""C02"": 2016, ""C10"": 6336, ""C05"": 576}",C10,2524.6423854165055,2017-07-01 00:00:00,2017-07-31 23:55:00,193451.71411442757,9.331603554164119e+199,0.02457157258064516,2017-07,0.0,0.9424876678394686,0.00045756264096004584,0.005719533012000566,8928,0.04931955645161295,0.05000000000000753
0.004290066378985084,0.0,0.004893313172043011,"{""C10"": 8352, ""C02"": 576}",C10,2435.5083254164856,2017-08-01 00:00:00,2017-08-31 23:55:00,209190.0344865322,2.022423083527863e+219,0.023227486559139785,2017-08,0.0,0.9428258518162492,0.00022395152295759553,0.0027993940369699264,8928,0.04538530465949824,0.05000000000000753
0.004172530336257308,0.0,0.004991319444444444,"{""C10"": 5760, ""C02"": 1152, ""C05"": 1728}",C10,3159.3938554164265,2017-09-01 00:00:00,2017-09-30 23:55:00,224657.32416653633,3.3035803063630832e+274,0.026041666666666668,2017-09,0.0,0.9268335706387907,0.0002799856073981879,0.0034998200924773316,8640,0.054296875000000036,0.0500000000000074
0.003595402606819454,0.0,0.005908378136200717,"{""C02"": 288, ""C05"": 6336, ""C07"": 864, ""C03"": 576, ""C00"": 288, ""C06"": 576}",C05,6305.372668333323,2017-10-01 00:00:00,2017-10-31 23:55:00,240229.60950016975,inf,0.029730902777777776,2017-10,0.0,0.8705073389118635,0.0006069030559890795,0.007586288199863497,8928,0.06580253136200724,0.05000000000000753
0.0025719805677387893,0.0,0.013411458333333333,"{""C06"": 2304, ""C08"": 1152, ""C00"": 3168, ""C07"": 1152, ""C04"": 288, ""C11"": 576}",C00,8747.106603750759,2017-11-01 00:00:00,2017-11-30 23:55:00,255194.60816717148,inf,0.030164930555555556,2017-11,0.0,0.813192217679343,0.0005141076761696701,0.006426345952120881,8640,0.07157638888888895,0.0500000000000074
0.001567258565600828,0.0,0.06947944668458782,"{""C00"": 2880, ""C07"": 576, ""C03"": 864, ""C04"": 3456, ""C08"": 288, ""C11"": 576, ""C06"": 288}",C04,10207.41199333409,2017-12-01 00:00:00,2017-12-31 23:55:00,271092.02900648117,inf,0.042464717741935484,2017-12,0.0,0.7241702034740423,0.0005612107956102361,0.007015134945127921,8928,0.16434195788530429,0.05000000000000753
0.0011283241369552928,0.0,0.08760360663082438,"{""C07"": 2016, ""C11"": 1728, ""C00"": 3456, ""C04"": 1152, ""C03"": 576}",C00,15676.259439584033,2018-01-01 00:00:00,2018-01-31 23:55:00,286532.23937773705,inf,0.05231826836917562,2018-01,0.0,0.7408868812509565,0.0013902159563546864,0.017377699454433567,8928,0.17133260528673838,0.05000000000000753
0.0015194933623120302,0.0,0.06704954117063493,"{""C04"": 3456, ""C03"": 2592, ""C07"": 288, ""C11"": 1440, ""C00"": 288}",C04,9301.201837917504,2018-02-01 00:00:00,2018-02-28 23:55:00,301092.7937400341,inf,0.044115823412698416,2018-02,0.0,0.7229027633644409,0.0005284419290220176,0.006605524112775228,8064,0.1670473710317457,0.050000000000007115
0.0031287838084795294,0.0,0.005068324372759857,"{""C04"": 288, ""C08"": 1440, ""C11"": 1440, ""C06"": 2592, ""C07"": 1440, ""C00"": 288, ""C05"": 1440}",C06,7788.087523333784,2018-03-01 00:00:00,2018-03-31 23:55:00,316636.02815008163,inf,0.023668514784946238,2018-03,0.0,0.8385472665239102,0.0005163889771931989,0.006454862214914931,8928,0.049742103494623706,0.05000000000000753
0.003113984283625723,0.0,0.01158130787037037,"{""C05"": 1728, ""C06"": 4032, ""C07"": 864, ""C03"": 864, ""C00"": 864, ""C08"": 288}",C06,7300.418069583698,2018-04-01 00:00:00,2018-04-30 23:55:00,331781.4610824585,inf,0.02646846064814815,2018-04,0.0,0.8416196228447715,0.0005992221721434917,0.007490277151793635,8640,0.06637326388888892,0.0500000000000074
0.003844028396764738,0.0,0.004291274641577061,"{""C08"": 3168, ""C06"": 3168, ""C03"": 576, ""C11"": 576, ""C07"": 288, ""C05"": 1152}",C08,5548.3328604164335,2018-05-01 00:00:00,2018-05-31 23:55:00,347870.23509430885,8.006637990640854e+259,0.025383624551971327,2018-05,0.0,0.8852580093255722,0.0006014552672122392,0.007518190840153005,8928,0.055136928763440944,0.05000000000000753
0.004180076998050685,0.0,0.004781539351851852,"{""C06"": 1152, ""C08"": 288, ""C05"": 864, ""C10"": 4320, ""C02"": 2016}",C10,2597.560850416469,2018-06-01 00:00:00,2018-06-30 23:55:00,362530.7027668953,inf,0.025405092592592594,2018-06,0.0,0.938430780753605,0.000807707543611902,0.010096344295148729,8640,0.0512887731481482,0.0500000000000074
0.004407747005282005,0.0,0.005103326612903226,"{""C10"": 5760, ""C02"": 3168}",C10,2725.5609879164767,2018-07-01 00:00:00,2018-07-31 23:55:00,377827.33498573303,2.911438150956748e+33,0.02445956541218638,2018-07,0.0,0.9414779158171619,0.00020934251191646644,0.0026167813989558517,8928,0.047506440412186414,0.05000000000000753
0.0043722278815317836,0.0,0.004718301971326165,"{""C02"": 4032, ""C10"": 4896}",C10,2472.8967133331444,2018-08-01 00:00:00,2018-08-31 23:55:00,393200.4477276802,6.151036307897834e+52,0.023878528225806453,2018-08,0.0,0.9422046266947395,0.00017917204594117714,0.0022396505742647115,8928,0.04616935483870972,0.05000000000000753
0.0042113314753898685,0.0,0.005656828703703704,"{""C10"": 4320, ""C02"": 1728, ""C06"": 576, ""C05"": 2016}",C10,3432.917394166407,2018-09-01 00:00:00,2018-09-30 23:55:00,408278.4171485901,2.5677917692825982e+126,0.028833912037037036,2018-09,0.0,0.9278763180134849,0.00026597448631887334,0.0033246810789859223,8640,0.05920138888888894,0.0500000000000074
0.0035972266730333892,0.0,0.004732302867383513,"{""C05"": 3168, ""C10"": 288, ""C06"": 2016, ""C11"": 864, ""C07"": 576, ""C00"": 864, ""C08"": 864, ""C03"": 288}",C05,6550.300479166798,2018-10-01 00:00:00,2018-10-31 23:55:00,424013.38415670395,inf,0.027959789426523298,2018-10,0.0,0.8678361986925973,0.00043555815051684097,0.00544447688146055,8928,0.05971382168458788,0.05000000000000753
0.0022806864035087734,0.0,0.004962384259259259,"{""C00"": 1440, ""C11"": 4320, ""C06"": 288, ""C03"": 2016, ""C07"": 576}",C11,9570.380878334197,2018-11-01 00:00:00,2018-11-30 23:55:00,438947.7726778984,inf,0.02432002314814815,2018-11,0.0,0.8048924922397693,0.0003688254987273484,0.004610318734091861,8640,0.04878819444444451,0.0500000000000074
0.0016513575268817195,0.0,0.03816644265232975,"{""C03"": 1728, ""C08"": 864, ""C11"": 2304, ""C00"": 3456, ""C04"": 288, ""C07"": 288}",C00,10059.329962500835,2018-12-01 00:00:00,2018-12-31 23:55:00,455268.5968263149,inf,0.03263608870967742,2018-12,0.0,0.7755292533932011,0.00031095897409748183,0.0038869871762185295,8928,0.10219898073476706,0.05000000000000753
0.0010025674106300694,0.0,0.09290994623655914,"{""C11"": 864, ""C09"": 1152, ""C01"": 2304, ""C03"": 1440, ""C00"": 1728, ""C07"": 1152, ""C04"": 288}",C01,9799.785055834,2019-01-01 00:00:00,2019-01-31 23:55:00,471434.9700155258,inf,0.046720990143369175,2019-01,0.0,0.7109764788367118,0.0017452065895070148,0.021815082368837623,8928,0.20174619175627218,0.05000000000000753
0.0012554077250417671,0.0,0.07767547123015874,"{""C00"": 3456, ""C11"": 1728, ""C03"": 1440, ""C07"": 1152, ""C04"": 288}",C00,9132.042278334113,2019-02-01 00:00:00,2019-02-28 23:55:00,485353.95068335533,inf,0.04359654017857143,2019-02,0.0,0.7470678115430324,0.0005292110470183714,0.006615138087729673,8064,0.1745625620039681,0.050000000000007115
0.001915223631154493,0.0,0.01643005152329749,"{""C11"": 2016, ""C00"": 2880, ""C03"": 2016, ""C07"": 1728, ""C06"": 288}",C00,9860.27840083416,2019-03-01 00:00:00,2019-03-31 23:55:00,501022.779116869,inf,0.024725582437275986,2019-03,0.0,0.7948586731996714,0.00032896878204015996,0.004112109775501976,8928,0.06114975358422945,0.05000000000000753
0.0028336036184210614,0.0,0.004535590277777778,"{""C09"": 288, ""C11"": 1152, ""C00"": 864, ""C03"": 576}",C11,3112.2105745831927,2019-04-01 00:00:00,2019-04-10 23:55:00,505986.7282938957,2.893481423578818e+292,0.02476128472222222,2019-04,0.0,0.8000560887736949,0.00035222349612659394,0.004402793701582435,2880,0.04941406249999999,0.049999999999999475
