timestamp,outdoor_temp_c,indoor_temp_c,lct_c,uct_c,tnz_zone,outdoor_rh_pct,indoor_rh_pct,outdoor_wind_m_s,indoor_air_speed_m_s,outdoor_co2_ppm,indoor_co2_ppm,outdoor_nh3_ppm,indoor_nh3_ppm,outdoor_h2o_g_m3,indoor_h2o_g_m3,indoor_rad_kj_m2_day,indoor_okta,indoor_aha,outdoor_cloud_okta,outdoor_rain_mm_day,ventilation_group_pct,heating_group_pct,light_on,electric_kw,gas_kw,fan_power_w,heater_power_w,light_power_w,gas_index,reward,comfort_index,air_quality_penalty,cum_fan_kwh,cum_heater_kwh,cum_light_kwh
2026-01-01T00:00:00+300s,-6,16.1456,-9.75,30.75,1,78,29.7008,3.2,0.250901,420,1184.66,0.2,5.60494,-1,9.30518,204.202,8,1.30465,6,0,40,55,1,2.42704,145.068,663.04,145068,1764,0,-5.2173,0.76496,0,0.0552533,12.089,0.147
2026-01-01T00:00:00+600s,-6,15.3049,-10,33.5,1,78,18.7815,3.2,0.159848,420,988.439,0.2,3.63566,-1,6.59254,195.696,8,1.28023,6,0,40,55,1,2.42704,145.068,663.04,145068,1764,0,-6.30923,1.31092,0,0.110507,24.178,0.294
2026-01-01T00:00:00+900s,-6,14.5614,-10,33.25,1,78,19.6964,3.2,0.159848,420,877.063,0.2,2.52235,-1,5.06135,195.696,8,1.28023,6,0,40,55,1,2.42704,145.068,663.04,145068,1764,0,-6.21774,1.26518,0,0.16576,36.267,0.441
2026-01-01T00:00:00+1200s,-6,13.9008,-10,33,1,78,20.5514,3.2,0.159848,420,814.196,0.2,1.89392,-1,4.19705,195.696,8,1.28023,6,0,40,55,1,2.42704,145.068,663.04,145068,1764,0,-6.13224,1.22243,0,0.221013,48.356,0.588
2026-01-01T00:00:00+1500s,-6,13.3111,-10,32.75,1,78,21.3501,3.2,0.159848,420,778.709,0.2,1.53919,-1,3.70918,195.696,8,1.28023,6,0,40,55,1,2.42704,145.068,663.04,145068,1764,0,-6.05236,1.18249,0,0.276267,60.445,0.735
2026-01-01T00:00:00+1800s,-6,12.7819,-10,32.5,1,78,22.0966,3.2,0.159848,420,758.679,0.2,1.33896,-1,3.4338,195.696,8,1.28023,6,0,40,55,1,2.42704,145.068,663.04,145068,1764,0,-5.97771,1.14517,0,0.33152,72.534,0.882
2026-01-01T00:00:00+2100s,-6,12.3044,-10,32.25,1,78,22.7954,3.2,0.159848,420,747.372,0.2,1.22594,-1,3.27835,195.696,8,1.28023,6,0,40,55,1,2.42704,145.068,663.04,145068,1764,0,-5.90783,1.11023,0,0.386773,84.623,1.029
2026-01-01T00:00:00+2400s,-6,11.8711,-10,32,1,78,23.451,3.2,0.159848,420,740.99,0.2,1.16214,-1,3.19061,195.696,8,1.28023,6,0,40,55,1,2.42704,145.068,663.04,145068,1764,0,-5.84228,1.07745,0,0.442027,96.712,1.176
2026-01-01T00:00:00+2700s,-6,11.4759,-10,31.75,1,78,24.0676,3.2,0.159848,420,737.387,0.2,1.12613,-1,3.14108,195.696,8,1.28023,6,0,40,55,1,2.42704,145.068,663.04,145068,1764,0,-5.78062,1.04662,0,0.49728,108.801,1.323
2026-01-01T00:00:00+3000s,-6,11.1132,-10,31.75,1,78,24.6495,3.2,0.159848,420,735.354,0.2,1.10581,-1,3.11313,195.696,8,1.28023,6,0,40,55,1,2.42704,145.068,663.04,145068,1764,0,-5.72243,1.01753,0,0.552533,120.89,1.47
2026-01-01T00:00:00+3300s,-6,10.7784,-10,31.5,1,78,25.2005,3.2,0.159848,420,734.206,0.2,1.09433,-1,3.09734,195.696,8,1.28023,6,0,40,55,1,2.42704,145.068,663.04,145068,1764,0,-5.66733,0.989976,0,0.607787,132.979,1.617
2026-01-01T00:00:00+3600s,-6,10.4678,-10,31.5,1,78,25.7243,3.2,0.159848,420,733.558,0.2,1.08786,-1,3.08844,195.696,8,1.28023,6,0,40,55,1,2.42704,145.068,663.04,145068,1764,0,-5.61495,0.963787,0,0.66304,145.068,1.764
2026-01-01T00:00:00+3900s,-6,10.178,-10,31.25,1,78,26.224,3.2,0.159848,420,733.192,0.2,1.0842,-1,3.08341,195.696,8,1.28023,6,0,40,55,1,2.42704,145.068,663.04,145068,1764,0,-5.56497,0.938799,0,0.718293,157.157,1.911
2026-01-01T00:00:00+4200s,-6,9.90611,-10,31.25,1,78,26.7027,3.2,0.159848,420,732.986,0.2,1.08214,-1,3.08057,195.696,8,1.28023,6,0,40,55,1,2.42704,145.068,663.04,145068,1764,0,-5.51711,0.914865,0,0.773547,169.246,2.058
2026-01-01T00:00:00+4500s,-6,9.64985,-10,31,1,78,27.1629,3.2,0.159848,420,732.869,0.2,1.08097,-1,3.07897,195.696,8,1.28023,6,0,40,55,1,2.42704,145.068,663.04,145068,1764,0,-5.47108,0.891854,0,0.8288,181.335,2.205
2026-01-01T00:00:00+4800s,-6,9.40715,-10,31,1,78,27.607,3.2,0.159848,420,732.803,0.2,1.08031,-1,3.07807,195.696,8,1.28023,6,0,40,55,1,2.42704,145.068,663.04,145068,1764,0,-5.42668,0.869651,0,0.884053,193.424,2.352
2026-01-01T00:00:00+5100s,-6,9.17631,-10,30.75,1,78,28.0369,3.2,0.159848,420,732.766,0.2,1.07994,-1,3.07755,195.696,8,1.28023,6,0,40,55,1,2.42704,145.068,663.04,145068,1764,0,-5.38368,0.848153,0,0.939307,205.513,2.499
2026-01-01T00:00:00+5400s,-6,8.95584,-10,30.75,1,78,28.4546,3.2,0.159848,420,732.745,0.2,1.07973,-1,3.07727,195.696,8,1.28023,6,0,40,55,1,2.42704,145.068,663.04,145068,1764,0,-5.34192,0.82727,0,0.99456,217.602,2.646
2026-01-01T00:00:00+5700s,-6,8.7445,-10,30.5,1,78,28.8615,3.2,0.159848,420,732.734,0.2,1.07962,-1,3.0771,195.696,8,1.28023,6,0,40,55,1,2.42704,145.068,663.04,145068,1764,0,-5.30123,0.806925,0,1.04981,229.691,2.793
2026-01-01T00:00:00+6000s,-6,8.54124,-10,30.5,1,78,29.259,3.2,0.159848,420,732.727,0.2,1.07955,-1,3.07701,195.696,8,1.28023,6,0,40,55,1,2.42704,145.068,663.04,145068,1764,0,-5.26147,0.787048,0,1.10507,241.78,2.94
2026-01-01T00:00:00+6300s,-6,8.34515,-10,30.5,1,78,29.6484,3.2,0.159848,420,732.723,0.2,1.07951,-1,3.07696,195.696,8,1.28023,6,0,40,55,1,2.42704,145.068,663.04,145068,1764,0,-5.22254,0.767581,0,1.16032,253.869,3.087
2026-01-01T00:00:00+6600s,-6,8.15545,-10,30.25,1,78,30.0305,3.2,0.159848,420,732.721,0.2,1.07949,-1,3.07693,195.696,8,1.28023,6,0,40,55,1,2.42704,145.068,663.04,145068,1764,0,-5.18432,0.748473,0,1.21557,265.958,3.234
2026-01-01T00:00:00+6900s,-6,7.9715,-10,30.25,1,78,30.4064,3.2,0.159848,420,732.72,0.2,1.07948,-1,3.07691,195.696,8,1.28023,6,0,40,55,1,2.42704,145.068,663.04,145068,1764,0,-5.14673,0.729679,0,1.27083,278.047,3.381
2026-01-01T00:00:00+7200s,-6,7.79273,-10,30.25,1,78,30.7768,3.2,0.159848,420,732.719,0.2,1.07947,-1,3.07691,195.696,8,1.28023,6,0,40,55,1,2.42704,145.068,663.04,145068,1764,0,-5.1097,0.711162,0,1.32608,290.136,3.528
