reference_id,kind,simulator_score,P1,P2,P3,P4,P5,final_TBW,mean_ADG,total_feed_intake,mean_FE,final_beef_production,mean_heat_production,mean_heat_stress,mean_cold_stress
R001,baseline_full_diet,0.888957,1,1,1,1,1,931.832644,0.888833,5409.894965,0.348313,502.617389,6.425376,0.144,0.448
R026,monotonic_mixed_program,0.863926,1,1,1,1,2,907.414745,0.891153,6230.800342,0.343333,480.212519,6.433922,0.144,0.448
R029,monotonic_mixed_program,0.863851,1,1,1,1,5,907.505027,0.891148,6238.922642,0.343296,480.301609,6.433888,0.144,0.448
R027,monotonic_mixed_program,0.861159,1,1,1,1,3,905.784376,0.891262,6353.900994,0.342596,478.952169,6.434511,0.144,0.448
R038,monotonic_mixed_program,0.857852,1,1,1,4,5,907.505027,0.900674,6605.613292,0.339401,480.301609,6.444675,0.144,0.448
R028,monotonic_mixed_program,0.853668,1,1,1,1,4,871.00047,0.893637,5749.855787,0.346089,452.443162,6.446729,0.144,0.448
R037,monotonic_mixed_program,0.847669,1,1,1,4,4,871.00047,0.903163,6116.546436,0.342195,452.443162,6.457516,0.144,0.448
R057,monotonic_mixed_program,0.836565,1,1,4,4,5,907.505027,0.834203,6621.22982,0.32786,480.301609,5.922089,0.135,0.427
R030,monotonic_mixed_program,0.83422,1,1,1,2,2,907.414745,0.89573,7268.394419,0.332042,480.212519,6.445442,0.4365,0.448
R033,monotonic_mixed_program,0.834145,1,1,1,2,5,907.505027,0.895725,7276.516719,0.332004,480.301609,6.445408,0.4365,0.448
R039,monotonic_mixed_program,0.833732,1,1,1,5,5,907.505027,0.895699,7299.431209,0.331824,480.301609,6.445257,0.4365,0.448
R036,monotonic_mixed_program,0.832455,1,1,1,3,5,907.505027,0.896297,7354.079448,0.331541,480.301609,6.4481,0.4545,0.448
R031,monotonic_mixed_program,0.831453,1,1,1,2,3,905.784376,0.895839,7391.495071,0.331305,478.952169,6.44603,0.4365,0.448
R034,monotonic_mixed_program,0.829763,1,1,1,3,3,905.784376,0.896411,7469.0578,0.330841,478.952169,6.448723,0.4545,0.448
R048,monotonic_mixed_program,0.828031,1,1,2,4,5,907.505027,0.896568,7143.326031,0.325713,480.301609,6.364169,0.486,0.4095
R056,monotonic_mixed_program,0.826382,1,1,4,4,4,871.00047,0.836692,6132.162964,0.330653,452.443162,5.934931,0.135,0.427
R090,monotonic_mixed_program,0.824128,1,4,4,4,5,907.505027,0.825573,6629.577506,0.320695,480.301609,5.85177,0.2655,0.42
R032,monotonic_mixed_program,0.823962,1,1,1,2,4,871.00047,0.898214,6787.449863,0.334798,452.443162,6.458249,0.4365,0.448
R054,monotonic_mixed_program,0.822817,1,1,3,4,5,907.505027,0.893765,7332.85952,0.322678,480.301609,6.343329,0.4815,0.3885
R035,monotonic_mixed_program,0.822272,1,1,1,3,4,871.00047,0.898786,6865.012593,0.334334,452.443162,6.460941,0.4545,0.448
R139,monotonic_mixed_program,0.818329,4,4,4,4,5,907.505027,0.825511,6630.709373,0.314917,480.301609,5.851609,0.2655,0.42
R135,monotonic_mixed_program,0.818279,3,4,4,4,5,907.505027,0.831391,6641.789841,0.314653,480.301609,5.842987,0.288,0.4025
R047,monotonic_mixed_program,0.817847,1,1,2,4,4,871.00047,0.899057,6654.259175,0.328506,452.443162,6.377011,0.486,0.4095
R089,monotonic_mixed_program,0.813944,1,4,4,4,4,871.00047,0.828062,6140.51065,0.323488,452.443162,5.864612,0.2655,0.42
R123,monotonic_mixed_program,0.813101,2,4,4,4,5,907.505027,0.831254,6635.751446,0.308769,480.301609,5.845816,0.2655,0.4165
R053,monotonic_mixed_program,0.812634,1,1,3,4,4,871.00047,0.896254,6843.792664,0.325472,452.443162,6.35617,0.4815,0.3885
R058,monotonic_mixed_program,0.812445,1,1,4,5,5,907.505027,0.829228,7315.047737,0.320283,480.301609,5.922672,0.4275,0.427
R004,baseline_full_diet,0.808145,4,4,4,4,4,871.00047,0.828,6141.642517,0.31771,452.443162,5.864451,0.2655,0.42
R134,monotonic_mixed_program,0.808095,3,4,4,4,4,871.00047,0.83388,6152.722985,0.317446,452.443162,5.855828,0.288,0.4025
R040,monotonic_mixed_program,0.804398,1,1,2,2,2,907.414745,0.891624,7806.107158,0.318354,480.212519,6.364937,0.7785,0.4095
R043,monotonic_mixed_program,0.804323,1,1,2,2,5,907.505027,0.891619,7814.229458,0.318316,480.301609,6.364903,0.7785,0.4095
R059,monotonic_mixed_program,0.80423,1,1,5,5,5,907.505027,0.891595,7846.407361,0.318009,480.301609,6.364957,0.7605,0.4095
R049,monotonic_mixed_program,0.80391,1,1,2,5,5,907.505027,0.891594,7837.143948,0.318136,480.301609,6.364752,0.7785,0.4095
R122,monotonic_mixed_program,0.802917,2,4,4,4,4,871.00047,0.833744,6146.68459,0.311562,452.443162,5.858657,0.2655,0.4165
R046,monotonic_mixed_program,0.802633,1,1,2,3,5,907.505027,0.892191,7891.792188,0.317853,480.301609,6.367595,0.7965,0.4095
R041,monotonic_mixed_program,0.801631,1,1,2,2,3,905.784376,0.891733,7929.20781,0.317616,478.952169,6.365525,0.7785,0.4095
R091,monotonic_mixed_program,0.800007,1,4,4,5,5,907.505027,0.820598,7323.395422,0.313118,480.301609,5.852353,0.558,0.42
R044,monotonic_mixed_program,0.799941,1,1,2,3,3,905.784376,0.892305,8006.770539,0.317153,478.952169,6.368218,0.7965,0.4095
R055,monotonic_mixed_program,0.798696,1,1,3,5,5,907.505027,0.888791,8026.677436,0.315101,480.301609,6.343911,0.774,0.3885
R052,monotonic_mixed_program,0.79742,1,1,3,3,5,907.505027,0.889389,8081.325676,0.314818,480.301609,6.346754,0.792,0.3885
R077,monotonic_mixed_program,0.797151,1,2,4,4,5,907.505027,0.801312,6643.62698,0.303752,480.301609,5.639963,0.477,0.364
R086,monotonic_mixed_program,0.795806,1,3,4,4,5,907.505027,0.801666,6645.910906,0.302511,480.301609,5.641487,0.4815,0.364
R050,monotonic_mixed_program,0.794727,1,1,3,3,3,905.784376,0.889503,8196.304027,0.314118,478.952169,6.347377,0.792,0.3885
R140,monotonic_mixed_program,0.794208,4,4,4,5,5,907.505027,0.820537,7324.52729,0.30734,480.301609,5.852192,0.558,0.42
R136,monotonic_mixed_program,0.794158,3,4,4,5,5,907.505027,0.826417,7335.607758,0.307076,480.301609,5.843569,0.5805,0.4025
R042,monotonic_mixed_program,0.79414,1,1,2,2,4,871.00047,0.894108,7325.162602,0.321109,452.443162,6.377744,0.7785,0.4095
R045,monotonic_mixed_program,0.79245,1,1,2,3,4,871.00047,0.894681,7402.725332,0.320646,452.443162,6.380436,0.7965,0.4095
R092,monotonic_mixed_program,0.791792,1,4,5,5,5,907.505027,0.882965,7854.755046,0.310844,480.301609,6.294638,0.891,0.4025
R131,monotonic_mixed_program,0.789958,3,3,4,4,5,907.505027,0.807484,6658.123242,0.296469,480.301609,5.632704,0.504,0.3465
R124,monotonic_mixed_program,0.78898,2,4,4,5,5,907.505027,0.82628,7329.569363,0.301192,480.301609,5.846399,0.558,0.4165
R010,single_phase_swap,0.788878,3,1,3,3,3,905.784376,0.895321,8208.516363,0.308076,478.952169,6.338593,0.8145,0.371
R068,monotonic_mixed_program,0.788616,1,2,2,4,5,907.505027,0.863677,7165.723191,0.301606,480.301609,6.082043,0.828,0.3465
R051,monotonic_mixed_program,0.787236,1,1,3,3,4,871.00047,0.891878,7592.25882,0.317611,452.443162,6.359595,0.792,0.3885
R076,monotonic_mixed_program,0.786967,1,2,4,4,4,871.00047,0.803801,6154.560124,0.306546,452.443162,5.652804,0.477,0.364
R110,monotonic_mixed_program,0.786124,2,2,4,4,5,907.505027,0.806993,6649.80092,0.291826,480.301609,5.634009,0.477,0.3605
R141,monotonic_mixed_program,0.785993,4,4,5,5,5,907.505027,0.882903,7855.886914,0.305066,480.301609,6.294477,0.891,0.4025
R137,monotonic_mixed_program,0.785943,3,4,5,5,5,907.505027,0.888783,7866.967382,0.304802,480.301609,6.285854,0.9135,0.385
R085,monotonic_mixed_program,0.785623,1,3,4,4,4,871.00047,0.804155,6156.84405,0.305304,452.443162,5.654329,0.4815,0.364
R119,monotonic_mixed_program,0.78478,2,3,4,4,5,907.505027,0.807348,6652.084847,0.290585,480.301609,5.635533,0.4815,0.3605
R074,monotonic_mixed_program,0.783402,1,2,3,4,5,907.505027,0.860874,7355.256679,0.298571,480.301609,6.061202,0.8235,0.3255
R014,single_phase_swap,0.783155,3,3,1,3,3,905.784376,0.869693,7505.951222,0.29945,478.952169,6.159337,0.8235,0.3675
R083,monotonic_mixed_program,0.782058,1,3,3,4,5,907.505027,0.861229,7357.540605,0.297329,480.301609,6.062727,0.828,0.3255
R125,monotonic_mixed_program,0.780765,2,4,5,5,5,907.505027,0.888647,7860.928987,0.298918,480.301609,6.288684,0.891,0.399
R130,monotonic_mixed_program,0.779774,3,3,4,4,4,871.00047,0.809974,6169.056386,0.299262,452.443162,5.645545,0.504,0.3465
R018,single_phase_swap,0.779515,3,3,3,1,3,905.784376,0.857635,7118.040643,0.294482,478.952169,6.043779,0.8505,0.308
R067,monotonic_mixed_program,0.778432,1,2,2,4,4,871.00047,0.866166,6676.656335,0.304399,452.443162,6.094884,0.828,0.3465
R101,monotonic_mixed_program,0.777589,2,2,2,4,5,907.505027,0.869359,7171.897131,0.28968,480.301609,6.076089,0.828,0.343
R012,single_phase_swap,0.776441,3,4,3,3,3,905.784376,0.886691,8216.864048,0.300911,478.952169,6.268274,0.945,0.364
R128,monotonic_mixed_program,0.776209,3,3,3,4,5,907.505027,0.867047,7369.752941,0.291287,480.301609,6.053943,0.8505,0.308
R109,monotonic_mixed_program,0.77594,2,2,4,4,4,871.00047,0.809483,6160.734064,0.29462,452.443162,5.64685,0.477,0.3605
R022,single_phase_swap,0.775918,3,3,3,3,1,931.832644,0.860355,7289.19142,0.288445,502.617389,6.048856,1.161,0.308
R118,monotonic_mixed_program,0.774596,2,3,4,4,4,871.00047,0.809837,6163.017991,0.293378,452.443162,5.648374,0.4815,0.3605
R020,single_phase_swap,0.773517,3,3,3,4,3,905.784376,0.867161,7484.731293,0.290587,478.952169,6.054566,0.8505,0.308
R073,monotonic_mixed_program,0.773219,1,2,3,4,4,871.00047,0.863364,6866.189823,0.301364,452.443162,6.074044,0.8235,0.3255
R078,monotonic_mixed_program,0.77303,1,2,4,5,5,907.505027,0.796337,7337.444897,0.296175,480.301609,5.640546,0.7695,0.364
R107,monotonic_mixed_program,0.772375,2,2,3,4,5,907.505027,0.866556,7361.430619,0.286645,480.301609,6.055248,0.8235,0.322
R082,monotonic_mixed_program,0.771875,1,3,3,4,4,871.00047,0.863718,6868.47375,0.300123,452.443162,6.075568,0.828,0.3255
R087,monotonic_mixed_program,0.771686,1,3,4,5,5,907.505027,0.796692,7339.728823,0.294933,480.301609,5.64207,0.774,0.364
R116,monotonic_mixed_program,0.771031,2,3,3,4,5,907.505027,0.86691,7363.714546,0.285403,480.301609,6.056772,0.828,0.322
R100,monotonic_mixed_program,0.767405,2,2,2,4,4,871.00047,0.871848,6682.830275,0.292473,452.443162,6.08893,0.828,0.343
R127,monotonic_mixed_program,0.766026,3,3,3,4,4,871.00047,0.869536,6880.686085,0.29408,452.443162,6.066784,0.8505,0.308
R132,monotonic_mixed_program,0.765837,3,3,4,5,5,907.505027,0.80251,7351.941159,0.288891,480.301609,5.633286,0.7965,0.3465
R060,monotonic_mixed_program,0.764983,1,2,2,2,2,907.414745,0.858733,7828.504317,0.294247,480.212519,6.08281,1.1205,0.3465
R093,monotonic_mixed_program,0.76498,1,5,5,5,5,907.505027,0.858974,7868.604855,0.294024,480.301609,6.084566,1.1025,0.3465
R063,monotonic_mixed_program,0.764908,1,2,2,2,5,907.505027,0.858728,7836.626618,0.294209,480.301609,6.082776,1.1205,0.3465
R079,monotonic_mixed_program,0.764815,1,2,5,5,5,907.505027,0.858704,7868.804521,0.293902,480.301609,6.082831,1.1025,0.3465
R069,monotonic_mixed_program,0.764495,1,2,2,5,5,907.505027,0.858703,7859.541108,0.294029,480.301609,6.082626,1.1205,0.3465
R088,monotonic_mixed_program,0.763471,1,3,5,5,5,907.505027,0.859058,7871.088447,0.29266,480.301609,6.084355,1.107,0.3465
R066,monotonic_mixed_program,0.763218,1,2,2,3,5,907.505027,0.8593,7914.189347,0.293746,480.301609,6.085468,1.1385,0.3465
R061,monotonic_mixed_program,0.762216,1,2,2,2,3,905.784376,0.858842,7951.60497,0.293509,478.952169,6.083399,1.1205,0.3465
R106,monotonic_mixed_program,0.762192,2,2,3,4,4,871.00047,0.869045,6872.363763,0.289438,452.443162,6.068089,0.8235,0.322
R111,monotonic_mixed_program,0.762003,2,2,4,5,5,907.505027,0.802019,7343.618837,0.284249,480.301609,5.634591,0.7695,0.3605
R016,single_phase_swap,0.761868,3,3,4,3,3,905.784376,0.803222,7521.56775,0.287908,478.952169,5.636752,0.8145,0.3465
R115,monotonic_mixed_program,0.760848,2,3,3,4,4,871.00047,0.8694,6874.64769,0.288196,452.443162,6.069614,0.828,0.322
R120,monotonic_mixed_program,0.760659,2,3,4,5,5,907.505027,0.802374,7345.902764,0.283007,480.301609,5.636116,0.774,0.3605
R064,monotonic_mixed_program,0.760526,1,2,2,3,3,905.784376,0.859414,8029.167699,0.293046,478.952169,6.086091,1.1385,0.3465
R075,monotonic_mixed_program,0.759282,1,2,3,5,5,907.505027,0.8559,8049.074596,0.290994,480.301609,6.061785,1.116,0.3255
R142,monotonic_mixed_program,0.759181,4,5,5,5,5,907.505027,0.858913,7869.736722,0.288246,480.301609,6.084405,1.1025,0.3465
R138,monotonic_mixed_program,0.759131,3,5,5,5,5,907.505027,0.864792,7880.81719,0.287982,480.301609,6.075782,1.125,0.329
R072,monotonic_mixed_program,0.758005,1,2,3,3,5,907.505027,0.856498,8103.722835,0.290711,480.301609,6.064627,1.134,0.3255
R084,monotonic_mixed_program,0.757937,1,3,3,5,5,907.505027,0.856254,8051.358522,0.289752,480.301609,6.063309,1.1205,0.3255
R133,monotonic_mixed_program,0.757622,3,3,5,5,5,907.505027,0.864877,7883.300783,0.286618,480.301609,6.075571,1.1295,0.329
R081,monotonic_mixed_program,0.756661,1,3,3,3,5,907.505027,0.856852,8106.006762,0.289469,480.301609,6.066152,1.1385,0.3255
R005,baseline_full_diet,0.755548,5,5,5,5,5,907.505027,0.864505,7874.365386,0.283713,480.301609,6.078556,1.1025,0.343
R070,monotonic_mixed_program,0.755313,1,2,3,3,3,905.784376,0.856612,8218.701187,0.290011,478.952169,6.06525,1.134,0.3255
R062,monotonic_mixed_program,0.754725,1,2,2,2,4,871.00047,0.861217,7347.559762,0.297002,452.443162,6.095617,1.1205,0.3465
R006,single_phase_swap,0.753968,1,3,3,3,3,905.784376,0.856966,8220.985113,0.288769,478.952169,6.066775,1.1385,0.3255
R002,baseline_full_diet,0.753956,2,2,2,2,2,907.414745,0.864415,7834.678257,0.282321,480.212519,6.076856,1.1205,0.343
R126,monotonic_mixed_program,0.753953,2,5,5,5,5,907.505027,0.864656,7874.778795,0.282098,480.301609,6.078611,1.1025,0.343
R096,monotonic_mixed_program,0.753882,2,2,2,2,5,907.505027,0.86441,7842.800558,0.282283,480.301609,6.076822,1.1205,0.343
R112,monotonic_mixed_program,0.753788,2,2,5,5,5,907.505027,0.864386,7874.978461,0.281976,480.301609,6.076876,1.1025,0.343
R017,single_phase_swap,0.753653,3,3,5,3,3,905.784376,0.865588,8052.927374,0.285635,478.952169,6.079037,1.1475,0.329
R102,monotonic_mixed_program,0.753468,2,2,2,5,5,907.505027,0.864385,7865.715048,0.282103,480.301609,6.076671,1.1205,0.343
R015,single_phase_swap,0.753333,3,3,2,3,3,905.784376,0.865587,8043.663961,0.285762,478.952169,6.078832,1.1655,0.329
R065,monotonic_mixed_program,0.753035,1,2,2,3,4,871.00047,0.86179,7425.122491,0.296539,452.443162,6.09831,1.1385,0.3465
R121,monotonic_mixed_program,0.752444,2,3,5,5,5,907.505027,0.86474,7877.262388,0.280734,480.301609,6.078401,1.107,0.343
R099,monotonic_mixed_program,0.752192,2,2,2,3,5,907.505027,0.864982,7920.363287,0.281819,480.301609,6.079514,1.1385,0.343
R129,monotonic_mixed_program,0.752088,3,3,3,5,5,907.505027,0.862073,8063.570858,0.28371,480.301609,6.054526,1.143,0.308
R094,monotonic_mixed_program,0.751189,2,2,2,2,3,905.784376,0.864524,7957.77891,0.281583,478.952169,6.077445,1.1205,0.343
R023,single_phase_swap,0.750886,3,3,3,3,2,907.414745,0.862675,8110.096796,0.283465,480.212519,6.057402,1.161,0.308
R025,single_phase_swap,0.750812,3,3,3,3,5,907.505027,0.86267,8118.219097,0.283427,480.301609,6.057368,1.161,0.308
R019,single_phase_swap,0.749809,3,3,3,2,3,905.784376,0.862212,8155.63472,0.283191,478.952169,6.055299,1.143,0.308
R013,single_phase_swap,0.749629,3,5,3,3,3,905.784376,0.8627,8230.713857,0.284091,478.952169,6.058202,1.1565,0.308
R097,monotonic_mixed_program,0.749499,2,2,2,3,3,905.784376,0.865096,8035.341639,0.28112,478.952169,6.080137,1.1385,0.343
R011,single_phase_swap,0.749464,3,2,3,3,3,905.784376,0.86243,8230.913522,0.283969,478.952169,6.056466,1.1565,0.308
R021,single_phase_swap,0.749396,3,3,3,5,3,905.784376,0.862187,8178.54921,0.28301,478.952169,6.055148,1.143,0.308
R108,monotonic_mixed_program,0.748255,2,2,3,5,5,907.505027,0.861582,8055.248536,0.279068,480.301609,6.055831,1.116,0.322
R008,single_phase_swap,0.748169,4,3,3,3,3,905.784376,0.856905,8222.116981,0.282991,478.952169,6.066614,1.1385,0.3255
R003,baseline_full_diet,0.748119,3,3,3,3,3,905.784376,0.862784,8233.197449,0.282727,478.952169,6.057991,1.161,0.308
R071,monotonic_mixed_program,0.747821,1,2,3,3,4,871.00047,0.858987,7614.655979,0.293504,452.443162,6.077469,1.134,0.3255
R105,monotonic_mixed_program,0.746978,2,2,3,3,5,907.505027,0.862179,8109.896775,0.278785,480.301609,6.058673,1.134,0.322
R117,monotonic_mixed_program,0.746911,2,3,3,5,5,907.505027,0.861936,8057.532463,0.277826,480.301609,6.057355,1.1205,0.322
R080,monotonic_mixed_program,0.746477,1,3,3,3,4,871.00047,0.859341,7616.939906,0.292262,452.443162,6.078993,1.1385,0.3255
R114,monotonic_mixed_program,0.745634,2,3,3,3,5,907.505027,0.862534,8112.180702,0.277543,480.301609,6.060198,1.1385,0.322
R009,single_phase_swap,0.744536,5,3,3,3,3,905.784376,0.862497,8226.745644,0.278459,478.952169,6.060765,1.1385,0.322
R103,monotonic_mixed_program,0.744286,2,2,3,3,3,905.784376,0.862294,8224.875127,0.278085,478.952169,6.059296,1.134,0.322
R095,monotonic_mixed_program,0.743698,2,2,2,2,4,871.00047,0.866899,7353.733702,0.285076,452.443162,6.089663,1.1205,0.343
R007,single_phase_swap,0.742941,2,3,3,3,3,905.784376,0.862648,8227.159054,0.276843,478.952169,6.06082,1.1385,0.322
R098,monotonic_mixed_program,0.742008,2,2,2,3,4,871.00047,0.867471,7431.296431,0.284613,452.443162,6.092355,1.1385,0.343
R024,single_phase_swap,0.740628,3,3,3,3,4,871.00047,0.86516,7629.152241,0.28622,452.443162,6.07021,1.161,0.308
R104,monotonic_mixed_program,0.736794,2,2,3,3,4,871.00047,0.864669,7620.829919,0.281578,452.443162,6.071515,1.134,0.322
R113,monotonic_mixed_program,0.73545,2,3,3,3,4,871.00047,0.865023,7623.113846,0.280336,452.443162,6.073039,1.1385,0.322
